id,shipment_id,order_line_id,quantity
ALC-001,SHP-001,LIN-001,40
ALC-002,SHP-002,LIN-002,50
ALC-003,SHP-003,LIN-003,60
ALC-004,SHP-004,LIN-004,70
ALC-005,SHP-005,LIN-005,40
ALC-006,SHP-006,LIN-006,50
ALC-007,SHP-007,LIN-007,60
ALC-008,SHP-008,LIN-008,70
ALC-009,SHP-009,LIN-009,40
ALC-010,SHP-010,LIN-010,50
ALC-011,SHP-011,LIN-011,60
ALC-012,SHP-012,LIN-012,70
ALC-013,SHP-013,LIN-013,40
ALC-014,SHP-014,LIN-014,50
ALC-015,SHP-015,LIN-015,60
ALC-016,SHP-016,LIN-016,70
ALC-017,SHP-017,LIN-017,40
ALC-018,SHP-018,LIN-018,50
ALC-019,SHP-019,LIN-019,60
ALC-020,SHP-020,LIN-020,70
ALC-021,SHP-021,LIN-021,40
ALC-022,SHP-022,LIN-022,50
ALC-023,SHP-023,LIN-023,60
ALC-024,SHP-024,LIN-024,70
ALC-025,SHP-025,LIN-025,40
ALC-026,SHP-026,LIN-026,50
ALC-027,SHP-027,LIN-027,60
ALC-028,SHP-028,LIN-028,70
