id,part_id,plant_id,on_hand,safety_stock
INV-001,PRT-001,PLT-001,40,60
INV-002,PRT-002,PLT-001,139,70
INV-003,PRT-003,PLT-001,118,80
INV-004,PRT-004,PLT-001,192,90
INV-005,PRT-005,PLT-001,225,100
INV-006,PRT-006,PLT-001,90,110
INV-007,PRT-007,PLT-001,215,120
INV-008,PRT-008,PLT-001,288,130
INV-009,PRT-001,PLT-002,133,60
INV-010,PRT-002,PLT-002,127,70
INV-011,PRT-003,PLT-002,55,80
INV-012,PRT-004,PLT-002,236,90
INV-013,PRT-005,PLT-002,162,100
INV-014,PRT-006,PLT-002,235,110
INV-015,PRT-007,PLT-002,237,120
INV-016,PRT-008,PLT-002,105,130
INV-017,PRT-001,PLT-003,138,60
INV-018,PRT-002,PLT-003,149,70
INV-019,PRT-003,PLT-003,129,80
INV-020,PRT-004,PLT-003,178,90
INV-021,PRT-005,PLT-003,70,100
INV-022,PRT-006,PLT-003,180,110
INV-023,PRT-007,PLT-003,213,120
INV-024,PRT-008,PLT-003,256,130
