id,customer_id,plant_id,due_date
ORD-001,CUS-001,PLT-001,2026-09-28
ORD-002,CUS-002,PLT-001,2026-09-29
ORD-003,CUS-003,PLT-001,2026-09-30
ORD-004,CUS-004,PLT-001,2026-10-01
ORD-005,CUS-005,PLT-002,2026-10-02
ORD-006,CUS-006,PLT-002,2026-10-03
ORD-007,CUS-001,PLT-002,2026-10-04
ORD-008,CUS-002,PLT-002,2026-10-05
ORD-009,CUS-003,PLT-003,2026-10-06
ORD-010,CUS-004,PLT-003,2026-10-07
ORD-011,CUS-005,PLT-003,2026-10-08
ORD-012,CUS-006,PLT-003,2026-10-09
ORD-013,CUS-001,PLT-001,2026-10-10
ORD-014,CUS-002,PLT-001,2026-10-11
