id,order_id,part_id,quantity,fulfilled_quantity,unit_price_cents
LIN-001,ORD-001,PRT-001,40,40,12500
LIN-002,ORD-001,PRT-002,50,50,16000
LIN-003,ORD-002,PRT-003,60,60,19500
LIN-004,ORD-002,PRT-004,70,70,23000
LIN-005,ORD-003,PRT-005,40,40,26500
LIN-006,ORD-003,PRT-006,50,50,30000
LIN-007,ORD-004,PRT-007,60,60,33500
LIN-008,ORD-004,PRT-008,70,70,37000
LIN-009,ORD-005,PRT-001,40,20,12500
LIN-010,ORD-005,PRT-002,50,0,16000
LIN-011,ORD-006,PRT-003,60,10,19500
LIN-012,ORD-006,PRT-004,70,20,23000
LIN-013,ORD-007,PRT-005,40,0,26500
LIN-014,ORD-007,PRT-006,50,10,30000
LIN-015,ORD-008,PRT-007,60,20,33500
LIN-016,ORD-008,PRT-008,70,0,37000
LIN-017,ORD-009,PRT-001,40,10,12500
LIN-018,ORD-009,PRT-002,50,20,16000
LIN-019,ORD-010,PRT-003,60,0,19500
LIN-020,ORD-010,PRT-004,70,10,23000
LIN-021,ORD-011,PRT-005,40,20,26500
LIN-022,ORD-011,PRT-006,50,0,30000
LIN-023,ORD-012,PRT-007,60,10,33500
LIN-024,ORD-012,PRT-008,70,20,37000
LIN-025,ORD-013,PRT-001,40,0,12500
LIN-026,ORD-013,PRT-002,50,10,16000
LIN-027,ORD-014,PRT-003,60,20,19500
LIN-028,ORD-014,PRT-004,70,0,23000
