id,supplier_id,part_id,plant_id,promised_date,received_date,quantity
SHP-001,SUP-001,PRT-001,PLT-001,2026-09-10,2026-09-11,160
SHP-002,SUP-002,PRT-002,PLT-001,2026-09-11,2026-09-10,165
SHP-003,SUP-003,PRT-003,PLT-001,2026-09-12,2026-09-11,170
SHP-004,SUP-004,PRT-004,PLT-001,2026-09-13,2026-09-14,175
SHP-005,SUP-005,PRT-005,PLT-001,2026-09-14,2026-09-13,180
SHP-006,SUP-006,PRT-006,PLT-001,2026-09-15,2026-09-14,185
SHP-007,SUP-001,PRT-007,PLT-001,2026-09-16,2026-09-17,190
SHP-008,SUP-002,PRT-008,PLT-001,2026-09-17,2026-09-16,195
SHP-009,SUP-001,PRT-001,PLT-002,2026-09-18,2026-09-17,200
SHP-010,SUP-002,PRT-002,PLT-002,2026-09-19,2026-09-20,205
SHP-011,SUP-003,PRT-003,PLT-002,2026-09-20,2026-09-19,210
SHP-012,SUP-004,PRT-004,PLT-002,2026-09-21,2026-09-20,215
SHP-013,SUP-005,PRT-005,PLT-002,2026-09-22,2026-09-23,220
SHP-014,SUP-006,PRT-006,PLT-002,2026-09-23,2026-09-22,225
SHP-015,SUP-001,PRT-007,PLT-002,2026-09-24,2026-09-23,230
SHP-016,SUP-002,PRT-008,PLT-002,2026-09-25,2026-09-26,235
SHP-017,SUP-001,PRT-001,PLT-003,2026-09-26,2026-09-25,240
SHP-018,SUP-002,PRT-002,PLT-003,2026-09-27,2026-09-26,245
SHP-019,SUP-003,PRT-003,PLT-003,2026-09-28,2026-09-29,250
SHP-020,SUP-004,PRT-004,PLT-003,2026-09-29,2026-09-28,255
SHP-021,SUP-005,PRT-005,PLT-003,2026-09-30,2026-09-29,260
SHP-022,SUP-006,PRT-006,PLT-003,2026-10-01,2026-10-02,265
SHP-023,SUP-001,PRT-007,PLT-003,2026-10-02,2026-10-01,270
SHP-024,SUP-002,PRT-008,PLT-003,2026-10-03,2026-10-02,275
SHP-025,SUP-001,PRT-001,PLT-001,2026-09-29,,280
SHP-026,SUP-002,PRT-002,PLT-001,2026-09-30,,285
SHP-027,SUP-003,PRT-003,PLT-001,2026-10-01,,290
SHP-028,SUP-004,PRT-004,PLT-001,2026-10-02,,295
SHP-029,SUP-005,PRT-005,PLT-001,2026-10-03,,300
SHP-030,SUP-006,PRT-006,PLT-001,2026-10-04,,305
SHP-031,SUP-001,PRT-007,PLT-001,2026-10-05,,310
SHP-032,SUP-002,PRT-008,PLT-001,2026-10-06,,315
